"Mutation","Signature_1","Signature_2","Signature_3","Signature_4","Signature_5"
"ACA>AAA",7.86736452368495,5.60283882477873,6.21682771956814,4.99358875749803,9.29857731941004
"CCA>CAA",2.1829215143126,3.97937493102955,3.13143911441865,3.91891382056808,11.2267085010774
"GCA>GAA",2.07369093767277,5.55880119627689,7.81328150476984,0.822512849929352,8.46458583477018
"TCA>TAA",2.81784054892523,3.01037557087827,3.09485041760347,3.52604047148308,11.8874726500601
"ACC>AAC",4.05536008896045,3.91280495220263,4.36873527299111,2.90592448949839,4.9773196002447
"CCC>CAC",2.47425230488709,4.13663318048065,4.39499119069114,3.7373737275729,9.00498766989002
"GCC>GAC",2.34700028188367,1.42985086517913,3.44815622979275,0.16143764708317,4.64622754524301
"TCC>TAC",6.13197394424937,2.15202349792003,1.58188537091742,3.74435639505747,1.52792673878818
"ACG>AAG",3.00479072212301,3.98802541244299,2.71227129337393,3.68394375461923,1.67536151483781
"CCG>CAG",6.00049999845677,2.90915816648714,1.14281494718632,6.2038287267008,0.891894071733537
"GCG>GAG",3.16972461062681,2.01902000650446,2.4668744014073,3.10165859516523,1.77944783151266
"TCG>TAG",2.53598303164977,2.63507415157237,0.785632353114079,3.9963670439945,3.75344582760651
"ACT>AAT",3.52756166749992,5.59517610205776,6.93832776949068,2.86188614587344,3.50013645977076
"CCT>CAT",4.10780656858991,2.92998004668807,2.11537450202258,4.59749243052089,6.36061348883493
"GCT>GAT",1.3973653584518,4.43118650565479,3.30571697553624,2.49463941944926,5.81273768522083
"TCT>TAT",2.69957081903014,4.276321320128,5.65139310861762,2.23819201194923,3.49511624715875
"ACA>AGA",9.01665395531039,7.55562741850036,8.84027607760738,6.12205098031085,4.8032352420897
"CCA>CGA",2.25401392880581,3.09511982574956,3.71257534138885,1.06769996945236,6.96089318315305
"GCA>GGA",5.00963375269077,4.61332762365935,3.54895337230455,4.82684782117019,2.47914952464522
"TCA>TGA",5.40266135222878,4.48829970381314,4.60898348587676,5.1959877301483,2.69014857881344
"ACC>AGC",7.27666188000047,4.77965983600349,4.08611840227932,5.50871726522832,0.175813412330808
"CCC>CGC",6.70913962805243,2.69699091557782,2.43459484853255,4.1176859666875,4.80674370600187
"GCC>GGC",2.81980250430895,2.31589689582729,3.02725447714446,2.47160197580645,2.20413942302989
"TCC>TGC",1.58837497106397,4.22659050422369,3.70864926760829,4.09618707383312,5.87482689482452
"ACG>AGG",0.480110365178368,2.65440753145773,2.11835511603891,4.10684169754579,4.24794965995114
"CCG>CGG",2.72044107261044,0.771450855059202,0.104174971680715,1.49817763948443,0.0545436549939055
"GCG>GGG",2.82542078949258,0.844618788945656,0.704121997184349,4.22755119792571,2.70187967371755
"TCG>TGG",1.9223969161497,2.43077196126432,1.81096639734203,2.29016669590906,1.5204232563495
"ACT>AGT",4.7162775695685,7.67677190661161,7.37151720990898,5.45131775701256,4.52993106114688
"CCT>CGT",3.58109523214247,2.22302566429935,1.91729494238567,4.20507771374744,8.96809947976111
"GCT>GGT",5.42534270428148,4.27231850870952,5.53502555852259,3.65398089386932,0.595579042671142
"TCT>TGT",6.27186333811614,6.85001084780176,8.75225883702353,4.00250561732417,4.78934882669123
"ACA>ATA",22.5716835949472,25.0579110300012,22.7701115690375,20.8190222792821,22.2232928246293
"CCA>CTA",11.7837817668697,10.4720864571117,8.13404533711839,11.8899555018872,38.4422325270828
"GCA>GTA",8.92779825993791,12.2198481333069,11.322466538041,7.5554164091165,16.8792729301647
"TCA>TTA",11.531673865208,12.5034762981441,14.2596083953177,8.19961665737565,9.12406603731876
"ACC>ATC",19.6040327235621,14.0335198891319,14.8440106473915,13.6887120693439,15.0228109197292
"CCC>CTC",11.3632117428952,9.12699851312835,9.99487637794458,10.1055864844398,26.6674350682509
"GCC>GTC",11.3854701452869,6.77471664835732,6.28191193057289,8.79932231937434,12.1985123122548
"TCC>TTC",18.9866308320717,11.6005317626904,13.466466606616,10.7386295269594,19.958419556304
"ACG>ATG",34.7780079187564,23.7562057799967,23.3632962698171,25.4069259778762,35.8186058008744
"CCG>CTG",32.2414909356079,15.9013381963375,17.6965845933205,16.2222455024565,12.9610964312649
"GCG>GTG",22.8180241371765,10.7444993268982,8.61572754231651,21.6223994470776,22.4501736591359
"TCG>TTG",21.018603707582,12.9187615414803,15.7684099451091,10.4467023175775,11.6509895063871
"ACT>ATT",22.0178325222257,21.8445235198225,19.6040454276898,24.4974681403302,31.2461701564571
"CCT>CTT",18.1996210248239,11.6101561778183,16.5895513612844,11.4038667944191,16.7435687587645
"GCT>GTT",22.1279947930853,14.0744013657725,14.6810884786174,15.4282136328364,1.51008223411769
"TCT>TTT",14.2018763748973,14.3091163384952,17.1727375436583,9.3029142532784,18.1147459527058
"ATA>AAA",1.10358697707874,3.53832558530437,6.02110152496617,1.27813569099799,6.34082751893481
"CTA>CAA",1.3266705797329,2.14988031392469,5.00466984217216,0.539467410230903,3.51126039423463
"GTA>GAA",2.47845458901461,2.3393786114886,1.24517192181671,2.87251296786203,6.00670517787417
"TTA>TAA",1.5624522107175,6.7171719065759,6.83133986988505,1.98191211841512,8.77845685019519
"ATC>AAC",0.55950828791544,2.85435774162409,2.63866177062197,1.30695251514039,5.36709904113296
"CTC>CAC",2.55723964734546,2.19902357741187,3.3516661680503,4.00670876888299,4.4546063066651
"GTC>GAC",4.34636581694157,1.66436992082912,0.394908694643885,3.24726348876785,1.72045569872065
"TTC>TAC",1.29161082998904,3.9420536154376,2.76832434427034,1.75217628695327,1.53040617052669
"ATG>AAG",2.52764864863865,4.64693834877486,6.38490413370722,1.20015487142931,1.27611944597076
"CTG>CAG",4.17733021223026,4.87145926098372,5.65901019224282,5.36985874117723,4.62948518826029
"GTG>GAG",2.90197082804201,4.13002655780777,3.52156305856476,4.00977332703887,4.82096507029035
"TTG>TAG",2.42647525110115,2.90902102564067,2.97331657653831,2.48875485716055,4.48096260427336
"ATT>AAT",1.41700618729776,4.72760018561057,5.13793950296742,2.19077785985495,6.87675827220722
"CTT>CAT",4.36555580860097,2.95261896640823,3.75643195136818,2.43643154320382,1.60601459589622
"GTT>GAT",3.42783079609213,2.31370579169983,3.57689153274204,1.21044486338563,1.21922686806708
"TTT>TAT",3.6390477448386,6.46417608001593,7.54402583462964,1.27820431155101,0.642509282077712
"ATA>ACA",22.5276121518401,27.7928934487165,27.2079020202446,21.9918755903741,10.2561313527437
"CTA>CCA",8.19296070885454,11.5923851075587,10.6634137141197,9.51587770161249,7.84684495432999
"GTA>GCA",8.83570629472793,13.1389918388238,14.0530592242739,9.82393956054389,3.80407013841503
"TTA>TCA",8.93003986463078,12.0350391481186,10.9155849772763,11.8659369196493,4.60299997617777
"ATC>ACC",14.4069509496055,12.7128936914061,10.9400390077659,15.9094358383677,9.42868492231117
"CTC>CCC",6.40649207310193,9.30399783602528,7.78536335473926,12.7273731176734,10.4818491000605
"GTC>GCC",10.0057092793585,7.50093206724227,6.25245843917408,8.82887484915491,5.84777694216611
"TTC>TCC",10.0068464491763,8.47459286787309,6.0168345913945,12.0726577716019,13.7470061669829
"ATG>ACG",26.9569820180795,24.7810539094165,24.1898507627442,29.6422319180109,25.8963851172747
"CTG>CCG",16.4174440053242,15.0703644409493,12.1270048921744,21.9952286609417,15.0086295574259
"GTG>GCG",15.8193165312457,11.225073066901,11.2164900866232,20.6935161387301,18.6450011928771
"TTG>TCG",10.9943124273901,14.1633295070821,13.0561866273507,16.7502299503032,7.62265654212286
"ATT>ACT",18.7375857080454,20.7186802154449,19.749899199008,20.8784423836443,30.5282992378337
"CTT>CCT",15.6808929111929,13.1053185032161,11.9984150697254,15.1460731667986,3.80922305649627
"GTT>GCT",14.4652639999529,13.8316456610749,12.375450837631,13.5951641702598,5.06687912460545
"TTT>TCT",13.6035250107754,13.214671924038,4.26770523432659,21.4664272616156,27.7235874610545
"ATA>AGA",4.59502509472541,5.94024034985671,5.68988613675264,4.72128639378092,0.768926758332335
"CTA>CGA",1.94568389934911,2.30258664364614,3.20142300008796,0.989637848745214,4.85803858192281
"GTA>GGA",2.59265749627881,2.13009661244887,2.2895080395529,2.93476016755735,3.16441276148324
"TTA>TGA",4.88322540705276,5.42030287515336,5.70846912590164,4.16801415216169,2.6952182692972
"ATC>AGC",3.90387497976926,3.20884719735339,2.7025687224734,4.03336607223034,1.47013281378633
"CTC>CGC",2.4843381730946,3.26126666599981,3.84361384700669,2.43570416183945,4.21785189197796
"GTC>GGC",2.28181135183748,2.7847089586426,2.0777389788996,2.32244182904161,1.89879219844279
"TTC>TGC",3.33945409640992,3.32079887313432,2.96082034964739,5.12422265557823,4.51950968077323
"ATG>AGG",3.09728026347132,3.42676602238727,3.38814725342237,3.44412349684886,6.39902387671701
"CTG>CGG",4.17272672388285,2.96244409134186,3.67636931735211,3.16988389179637,6.91211593749956
"GTG>GGG",4.95525482987007,4.56805995975823,3.29739198514303,5.32711021765787,3.41570832254353
"TTG>TGG",5.84894731250599,5.91717383142004,7.48786434508888,2.60829957697842,1.01248319885908
"ATT>AGT",3.07672336744634,5.22485985871682,4.79147396153829,4.24143065966328,3.13805093357477
"CTT>CGT",2.79390371633836,3.1570256401159,4.97134804435291,2.29578521072554,5.15805866147979
"GTT>GGT",4.64551851900523,4.26820729428151,4.44634439791164,3.55909655192563,4.48492869399886
"TTT>TGT",5.45018369428497,6.29549058109233,4.54807770615105,7.12406870129282,9.27273181077698
